,model,clemscore
0,gem--gem,
2,ll8b--ll8b,
1,ll70b--ll70b,45.6322
3,mis--mis,0.4675
4,mix--mix,68.39603600000001
5,open--open,33.267312
6,qwen--qwen,91.59129000000001
